z.rows,z.vals
1,7.42465E-05
2,0.000828574
3,0.0691039
4,0.05009675
6,0.10517815
8,0.031393723
28,170.3425
29,238.4725
