r.rows,r.vals
1,0.0001815
2,0.0015125
3,0.18575
4,0.13075
5,0.324
6,0.48175
7,0.01455
8,0.12383
9,0.014628
10,0.65826
11,0.08321
12,5.9307
13,2.12371
14,2.23925
15,2.91288
16,2.06435
17,4.988
18,0.2276
19,86.8168
20,209.797
21,73.6896
22,57.152
23,10.136
24,3.1724
25,11.076
26,26.8
27,39.15
28,9.7633575
29,46.386725
