r.rows,r.vals
1,0.000175
2,0.0015
3,0.18575
4,0.13075
5,0.324
6,0.48175
7,0.0145
8,0.12383
9,0.01484
10,0.6572
11,0.08321
12,5.936
13,2.12
14,2.2419
15,2.9097
16,2.0617
17,5
18,0.2276
19,86.728
20,209.797
21,73.644
22,47.188
23,10.12
24,3.172
25,11.08
26,26.8
27,44
28,26.3025
29,36.8225
